#
# This list is used by git-shortlog to fix a few botched name translations
# in the git archive, either because the author's full name was messed up
# and/or not always written the same way, making contributions from the
# same person appearing not to be so or badly displayed.
#
# This file is also used by scripts/get_maintainer.pl.
#
# This file can be modified by hand or updated by the following command:
#  scripts/mailmapper > tmp; mv tmp .mailmap
#
# Entries in this file take one of the following forms:
# Proper Name <commit@email.xx>
# <proper@email.xx> <commit@email.xx>
# Proper Name <proper@email.xx> <commit@email.xx>
# Proper Name <proper@email.xx> Commit Name <commit@email.xx>

Alexander Graf <agraf@csgraf.de> <agraf@suse.de>
Allen Martin <amartin@nvidia.com>
Andreas Bießmann <andreas.devel@googlemail.com>
Andreas Bießmann <andreas@biessmann.org>
Aneesh V <aneesh@ti.com>
Anup Patel <anup@brainfault.org> <anup.patel@wdc.com>
Atish Patra <atishp@atishpatra.org> <atish.patra@wdc.com>
Bin Meng <bmeng.cn@gmail.com> <bin.meng@windriver.com>
Boris Brezillon <bbrezillon@kernel.org> <boris.brezillon@bootlin.com>
Boris Brezillon <bbrezillon@kernel.org> <boris.brezillon@free-electrons.com>
Dirk Behme <dirk.behme@googlemail.com>
Fabio Estevam <fabio.estevam@nxp.com>
Heinrich Schuchardt <xypron.glpk@gmx.de> <heinrich.schuchardt@canonical.com>
Heinrich Schuchardt <xypron.glpk@gmx.de> xypron.glpk@gmx.de <xypron.glpk@gmx.de>
Jagan Teki <402jagan@gmail.com>
Jagan Teki <jaganna@gmail.com>
Jagan Teki <jaganna@xilinx.com>
Jagan Teki <jagannadh.teki@gmail.com>
Jagan Teki <jagannadha.sutradharudu-teki@xilinx.com>
Jernej Skrabec <jernej.skrabec@gmail.com> <jernej.skrabec@siol.net>
Igor Opaniuk <igor.opaniuk@gmail.com> <igor.opaniuk@linaro.org>
Igor Opaniuk <igor.opaniuk@gmail.com> <igor.opaniuk@toradex.com>
Marek Behún <kabel@kernel.org> <marek.behun@nic.cz>
Marek Behún <kabel@kernel.org> Marek Behun <marek.behun@nic.cz>
Marek Vasut <marex@denx.de> <marek.vasut+renesas@gmail.com>
Marek Vasut <marex@denx.de> <marek.vasut@gmail.com>
Marek Vasut <marex@denx.de> <marex at denx.de>
Markus Klotzbuecher <mk@denx.de>
Masahiro Yamada <yamada.masahiro@socionext.com> <yamada.m@jp.panasonic.com>
Masahiro Yamada <yamada.masahiro@socionext.com> <masahiroy@kernel.org>
Michal Simek <michal.simek@amd.com> <michal.simek@xilinx.com>
Michal Simek <michal.simek@xilinx.com> <monstr@monstr.eu>
Michal Simek <michal.simek@xilinx.com> <Monstr@seznam.cz>
Michal Simek <michal.simek@xilinx.com> <root@monstr.eu>
Neil Armstrong <neil.armstrong@linaro.org> <narmstrong@baylibre.com>
Nicolas Saenz Julienne <nsaenz@kernel.org> <nsaenzjulienne@suse.de>
Patrice Chotard <patrice.chotard@foss.st.com> <patrice.chotard@st.com>
Patrick Delaunay <patrick.delaunay@foss.st.com> <patrick.delaunay@st.com>
Paul Burton <paul.burton@mips.com> <paul.burton@imgtec.com>
Prabhakar Kushwaha <prabhakar@freescale.com>
Rajeshwari Shinde <rajeshwari.s@samsung.com>
Ricardo Ribalda <ricardo@ribalda.com> <ricardo.ribalda@uam.es>
Ricardo Ribalda <ricardo@ribalda.com> <ricardo.ribalda@gmail.com>
Ruchika Gupta <ruchika.gupta@nxp.com> <ruchika.gupta@freescale.com>
Sandeep Paulraj <s-paulraj@ti.com>
Shaohui Xie <Shaohui.Xie@freescale.com>
Stefan Roese <sr@denx.de> <stroese>
Stefano Babic <sbabic@denx.de>
Tom Rini <trini@konsulko.com> <trini@ti.com>
TsiChung Liew <Tsi-Chung.Liew@freescale.com>
Wolfgang Denk <wd@denx.de> <wdenk>
Wolfgang Denk <wd@denx.de> <wd@pollux.denx.de>
Wolfgang Denk <wd@denx.de> <wd@pollux.(none)>
Wolfgang Denk <wd@denx.de> <wd@fifi.denx.de>
Wolfgang Denk <wd@denx.de> <wd@nyx.denx.de>
Wolfgang Denk <wd@denx.de> <wd@atlas.denx.de>
Wolfgang Denk <wd@denx.de> <wd@castor.denx.de>
Wolfgang Denk <wd@denx.de> <wd@xpert.denx.de>
Wolfgang Denk <wd@denx.de> <wd@nyx.(none)>
York Sun <yorksun@freescale.com>
York Sun <york.sun@nxp.com>
Łukasz Majewski <l.majewski@samsung.com>
Lukasz Majewski <lukma@denx.de>
Mirza <Taimoor_Mirza@mentor.com>
